country,date,title,title_en,url
Taiwan,2026-06-12,赤心擎海  收复台湾（书里书外）,"With a Loyal Heart, Recover Taiwan (Inside and Outside the Book)",https://paper.people.com.cn/rmrb/pc/content/202606/12/content_30162621.html
Netherlands,2026-06-12,赤心擎海  收复台湾（书里书外）,"With a Loyal Heart, Recover Taiwan (Inside and Outside the Book)",https://paper.people.com.cn/rmrb/pc/content/202606/12/content_30162621.html
US,2026-06-12,让科学与合作照亮未来（阅见世界）,Let Science and Cooperation Light Up the Future (Reading the World),https://paper.people.com.cn/rmrb/pc/content/202606/12/content_30162611.html
US,2026-06-12,访赛珍珠故居（旅人心语）,Visiting Pearl S. Buck's Former Residence (Traveler's Notes),https://paper.people.com.cn/rmrb/pc/content/202606/12/content_30162609.html
Brazil,2026-06-12,以笔铸魂  以艺通心（四海友声）,"Forging souls with pen, connecting hearts through art (Voices from Four Seas)",https://paper.people.com.cn/rmrb/pc/content/202606/12/content_30162608.html
Kenya,2026-06-12,湖南电影周走进肯尼亚,Hunan Film Week comes to Kenya,https://paper.people.com.cn/rmrb/pc/content/202606/12/content_30162694.html
Brazil,2026-06-12,聚焦人工智能应用  支持初创企业发展,"Focusing on AI applications, supporting startup development",https://paper.people.com.cn/rmrb/pc/content/202606/12/content_30162693.html
Vietnam,2026-06-12,2026年中国（广西）—越南少年儿童手拉手活动举办,2026 China (Guangxi)–Vietnam Children's Hand-in-Hand Event Held,https://paper.people.com.cn/rmrb/pc/content/202606/12/content_30162692.html
Japan,2026-06-12,中方对河野洋平逝世表示深切哀悼,China Expresses Deep Condolences over the Passing of Kono Yohei,https://paper.people.com.cn/rmrb/pc/content/202606/12/content_30162691.html
Japan,2026-06-12,追忆河野洋平，一位日本政坛的良知守望者（环球走笔）,"Remembering Kono Yohei, a Conscience of Japanese Politics (Global Notes)",https://paper.people.com.cn/rmrb/pc/content/202606/12/content_30162690.html
Germany,2026-06-12,探索未来电影的更多可能,Exploring More Possibilities for the Future of Cinema,https://paper.people.com.cn/rmrb/pc/content/202606/12/content_30162679.html
Egypt,2026-06-12,光影盛宴  共享互鉴,A feast of light and shadow: sharing and mutual learning,https://paper.people.com.cn/rmrb/pc/content/202606/12/content_30162677.html
Uzbekistan,2026-06-12,河北廊坊：加速打造世界现代商贸物流中心,"Langfang, Hebei: Accelerating the building of a world-class modern commercial logistics hub",https://paper.people.com.cn/rmrb/pc/content/202606/12/content_30162674.html
Kyrgyzstan,2026-06-12,河北廊坊：加速打造世界现代商贸物流中心,"Langfang, Hebei: Accelerating the building of a world-class modern commercial logistics hub",https://paper.people.com.cn/rmrb/pc/content/202606/12/content_30162674.html
Bangladesh,2026-06-12,第十届中国—南亚博览会在昆明开幕,10th China-South Asia Expo opens in Kunming,https://paper.people.com.cn/rmrb/pc/content/202606/12/content_30162662.html
Nepal,2026-06-12,第十届中国—南亚博览会在昆明开幕,10th China-South Asia Expo opens in Kunming,https://paper.people.com.cn/rmrb/pc/content/202606/12/content_30162662.html
Laos,2026-06-12,第十届中国—南亚博览会在昆明开幕,10th China-South Asia Expo opens in Kunming,https://paper.people.com.cn/rmrb/pc/content/202606/12/content_30162662.html
Zambia,2026-06-12,非洲“厂歌”何以跨海爆红（暖闻热评）,Why African 'Factory Songs' Go Viral Overseas (Warm News Review),https://paper.people.com.cn/rmrb/pc/content/202606/12/content_30162658.html
Portugal,2026-06-12,“人民幸福生活是最大的人权”,'People's Happy Life Is the Greatest Human Right',https://paper.people.com.cn/rmrb/pc/content/202606/12/content_30162651.html
Dominican Republic,2026-06-12,“人民幸福生活是最大的人权”,'People's Happy Life Is the Greatest Human Right',https://paper.people.com.cn/rmrb/pc/content/202606/12/content_30162651.html
Namibia,2026-06-12,“人民幸福生活是最大的人权”,'People's Happy Life Is the Greatest Human Right',https://paper.people.com.cn/rmrb/pc/content/202606/12/content_30162651.html
Zambia,2026-06-12,“人民幸福生活是最大的人权”,'People's Happy Life Is the Greatest Human Right',https://paper.people.com.cn/rmrb/pc/content/202606/12/content_30162651.html
Italy,2026-06-12,“人民幸福生活是最大的人权”,'People's Happy Life Is the Greatest Human Right',https://paper.people.com.cn/rmrb/pc/content/202606/12/content_30162651.html
Philippines,2026-06-12,中方对菲律宾国防部长特奥多罗及其亲属实施制裁,China imposes sanctions on Philippine Defense Secretary Teodoro and his relatives,https://paper.people.com.cn/rmrb/pc/content/202606/12/content_30162645.html
Cuba,2026-06-12,刘海星同古共中央国际关系部部长洛萨达视频通话,"Liu Haixing holds video call with Lozada, head of International Relations Department of Cuban Communist Party Central Committee",https://paper.people.com.cn/rmrb/pc/content/202606/12/content_30162643.html
Switzerland,2026-06-12,谌贻琴出席第114届国际劳工大会并会见瑞士联邦主席帕姆兰,Chen Yiqin attends 114th International Labour Conference and meets Swiss Federal President Parmelin,https://paper.people.com.cn/rmrb/pc/content/202606/12/content_30162642.html
Russia,2026-06-12,彭清华出席俄罗斯驻华使馆国庆招待会,Peng Qinghua Attends Russian Embassy's National Day Reception,https://paper.people.com.cn/rmrb/pc/content/202606/12/content_30162641.html
Germany,2026-06-12,张国清出席“全球趋同促增长峰会”并发言,Zhang Guoqing Attends and Speaks at the 'Global Convergence for Growth Summit',https://paper.people.com.cn/rmrb/pc/content/202606/12/content_30162640.html
France,2026-06-12,张国清出席“全球趋同促增长峰会”并发言,Zhang Guoqing Attends and Speaks at the 'Global Convergence for Growth Summit',https://paper.people.com.cn/rmrb/pc/content/202606/12/content_30162640.html
Canada,2026-06-12,张国清出席“全球趋同促增长峰会”并发言,Zhang Guoqing Attends and Speaks at the 'Global Convergence for Growth Summit',https://paper.people.com.cn/rmrb/pc/content/202606/12/content_30162640.html
Mongolia,2026-06-12,王毅将访问蒙古国,Wang Yi to visit Mongolia,https://paper.people.com.cn/rmrb/pc/content/202606/12/content_30162639.html
North Korea,2026-06-12,共同引领中朝关系实现更大发展,Jointly guiding China-DPRK relations toward greater development,https://paper.people.com.cn/rmrb/pc/content/202606/12/content_30162636.html
Czechia,2026-06-11,昆曲怎样绽放独属于东方的美（艺文观察·戏剧振兴进行时）,How Kunqu Opera blooms with its unique Eastern beauty (Arts & Culture Observation: Theatre Revival in Progress),https://paper.people.com.cn/rmrb/pc/content/202606/11/content_30162402.html
Greece,2026-06-11,“把这种对话精神传递给青年一代”,'Passing This Spirit of Dialogue to the Younger Generation',https://paper.people.com.cn/rmrb/pc/content/202606/11/content_30162390.html
Bahrain,2026-06-11,环球扫描,Global Scan,https://paper.people.com.cn/rmrb/pc/content/202606/11/content_30162389.html
Iran,2026-06-11,环球扫描,Global Scan,https://paper.people.com.cn/rmrb/pc/content/202606/11/content_30162389.html
Mexico,2026-06-11,世界杯订单里的“义乌答案”（环球走笔）,"The ""Yiwu Answer"" in World Cup Orders (Global Notebook)",https://paper.people.com.cn/rmrb/pc/content/202606/11/content_30162388.html
Nepal,2026-06-11,中尼联合科考队完成人类首次珠峰顶峰透底冰芯钻取（第一现场）,China-Nepal joint expedition completes first-ever full-depth ice core drilling at the summit of Mount Qomolangma (On the spot),https://paper.people.com.cn/rmrb/pc/content/202606/11/content_30162387.html
Uzbekistan,2026-06-11,世界杯不只是足球,The World Cup Is Not Just Football,https://paper.people.com.cn/rmrb/pc/content/202606/11/content_30162376.html
Iraq,2026-06-11,世界杯不只是足球,The World Cup Is Not Just Football,https://paper.people.com.cn/rmrb/pc/content/202606/11/content_30162376.html
Jordan,2026-06-11,世界杯不只是足球,The World Cup Is Not Just Football,https://paper.people.com.cn/rmrb/pc/content/202606/11/content_30162376.html
Cape Verde,2026-06-11,世界杯不只是足球,The World Cup Is Not Just Football,https://paper.people.com.cn/rmrb/pc/content/202606/11/content_30162376.html
Canada,2026-06-11,迎接足球的盛夏（美加墨世界杯·特别报道）,Welcoming the Summer of Football (US-Canada-Mexico World Cup Special Report),https://paper.people.com.cn/rmrb/pc/content/202606/11/content_30162375.html
Mexico,2026-06-11,迎接足球的盛夏（美加墨世界杯·特别报道）,Welcoming the Summer of Football (US-Canada-Mexico World Cup Special Report),https://paper.people.com.cn/rmrb/pc/content/202606/11/content_30162375.html
Argentina,2026-06-11,迎接足球的盛夏（美加墨世界杯·特别报道）,Welcoming the Summer of Football (US-Canada-Mexico World Cup Special Report),https://paper.people.com.cn/rmrb/pc/content/202606/11/content_30162375.html
France,2026-06-11,第四届链博会首批进境展品顺利通关,First Batch of Exhibits Clears Customs for the 4th Supply Chain Expo,https://paper.people.com.cn/rmrb/pc/content/202606/11/content_30162448.html
Greece,2026-06-11,古今对话：古典智慧的现代启示,Dialogue between past and present: modern inspirations from classical wisdom,https://paper.people.com.cn/rmrb/pc/content/202606/11/content_30162425.html
Kenya,2026-06-11,2026中非农业科技产业合作论坛暨展览会在肯尼亚开幕,2026 China-Africa Agricultural Science and Technology Industry Cooperation Forum and Exhibition Opens in Kenya,https://paper.people.com.cn/rmrb/pc/content/202606/11/content_30162423.html
Australia,2026-06-11,中澳青少年人文交流计划在澳大利亚启动,China–Australia Youth Cultural Exchange Program Launched in Australia,https://paper.people.com.cn/rmrb/pc/content/202606/11/content_30162422.html
Vietnam,2026-06-11,咸辉率全国政协代表团访问越南,Xian Hui Leads CPPCC Delegation on Visit to Vietnam,https://paper.people.com.cn/rmrb/pc/content/202606/11/content_30162421.html
North Korea,2026-06-11,弘扬优良传统，密切团结协作,"Promote fine traditions, strengthen unity and cooperation",https://paper.people.com.cn/rmrb/pc/content/202606/11/content_30162418.html
Russia,2026-06-10,寻找“天堂鸟”的人,The man who looks for 'Bird of Paradise',https://paper.people.com.cn/rmrb/pc/content/202606/10/content_30162293.html
South Korea,2026-06-10,从一杯茶饮看中国服务出海又出圈（商海观潮）,A Cup of Tea Shows Chinese Services Going Global and Viral (Watching the Business Tide),https://paper.people.com.cn/rmrb/pc/content/202606/10/content_30162189.html
Ethiopia,2026-06-10,“让来自‘非洲屋脊’的茶香飘得更远”（第一现场）,'Letting Tea from the Roof of Africa Travel Farther' (On the Scene),https://paper.people.com.cn/rmrb/pc/content/202606/10/content_30162181.html
UK,2026-06-10,“让来自‘非洲屋脊’的茶香飘得更远”（第一现场）,'Letting Tea from the Roof of Africa Travel Farther' (On the Scene),https://paper.people.com.cn/rmrb/pc/content/202606/10/content_30162181.html
Bangladesh,2026-06-10,南博拾光,Nanjing Museum: Gathering Light,https://paper.people.com.cn/rmrb/pc/content/202606/10/content_30162202.html
Laos,2026-06-10,南博拾光,Nanjing Museum: Gathering Light,https://paper.people.com.cn/rmrb/pc/content/202606/10/content_30162202.html
Italy,2026-06-10,南博拾光,Nanjing Museum: Gathering Light,https://paper.people.com.cn/rmrb/pc/content/202606/10/content_30162202.html
Uruguay,2026-06-10,南博拾光,Nanjing Museum: Gathering Light,https://paper.people.com.cn/rmrb/pc/content/202606/10/content_30162202.html
Turkey,2026-06-10,光伏企业寻找新的增长点,Photovoltaic companies seek new growth points,https://paper.people.com.cn/rmrb/pc/content/202606/10/content_30162282.html
Kazakhstan,2026-06-10,第九届进博会推介会暨“共享大市场·出口中国”哈萨克斯坦主题活动在阿斯塔纳举办,"9th CIIE promotion conference and Kazakhstan thematic event ""Sharing the Big Market: Exporting to China"" held in Astana",https://paper.people.com.cn/rmrb/pc/content/202606/10/content_30162248.html
Bulgaria,2026-06-10,谌贻琴访问保加利亚,Chen Yiqin visits Bulgaria,https://paper.people.com.cn/rmrb/pc/content/202606/10/content_30162247.html
Georgia,2026-06-10,习近平同格鲁吉亚总统卡韦拉什维利就中格建交34周年互致贺电并共同宣布将双边关系提升为全面战略伙伴关系,"Xi and Georgian President exchange congratulations on 34th anniversary of ties, announce comprehensive strategic partnership",https://paper.people.com.cn/rmrb/pc/content/202606/10/content_30162239.html
Taiwan,2026-06-09,时空交叠  念念不忘,"Time and space overlap, everlasting memory",https://paper.people.com.cn/rmrb/pc/content/202606/09/content_30161916.html
Pakistan,2026-06-09,开放协作，向海洋“要”更多机遇,Openness and Cooperation: Seeking More Opportunities from the Ocean,https://paper.people.com.cn/rmrb/pc/content/202606/09/content_30161908.html
Tanzania,2026-06-09,为全球经济注入蓝色动能,Injecting blue momentum into the global economy,https://paper.people.com.cn/rmrb/pc/content/202606/09/content_30161907.html
Sri Lanka,2026-06-09,为全球经济注入蓝色动能,Injecting blue momentum into the global economy,https://paper.people.com.cn/rmrb/pc/content/202606/09/content_30161907.html
Egypt,2026-06-09,为全球经济注入蓝色动能,Injecting blue momentum into the global economy,https://paper.people.com.cn/rmrb/pc/content/202606/09/content_30161907.html
Peru,2026-06-09,为全球经济注入蓝色动能,Injecting blue momentum into the global economy,https://paper.people.com.cn/rmrb/pc/content/202606/09/content_30161907.html
United Arab Emirates,2026-06-09,为全球经济注入蓝色动能,Injecting blue momentum into the global economy,https://paper.people.com.cn/rmrb/pc/content/202606/09/content_30161907.html
Thailand,2026-06-09,携手探索海洋生物多样性保护新路径,Jointly explore new paths for marine biodiversity conservation,https://paper.people.com.cn/rmrb/pc/content/202606/09/content_30161905.html
Malaysia,2026-06-09,携手探索海洋生物多样性保护新路径,Jointly explore new paths for marine biodiversity conservation,https://paper.people.com.cn/rmrb/pc/content/202606/09/content_30161905.html
Thailand,2026-06-09,凝聚点滴力量  促进绿色发展,Pooling every bit of strength to promote green development,https://paper.people.com.cn/rmrb/pc/content/202606/09/content_30161904.html
Indonesia,2026-06-09,深化全球渔业治理  共同守护蔚蓝家园,Deepening Global Fisheries Governance to Jointly Protect Our Blue Home,https://paper.people.com.cn/rmrb/pc/content/202606/09/content_30161903.html
Indonesia,2026-06-09,“你好”，在印尼越来越响亮（环球走笔）,'Nihao' Grows Ever Louder in Indonesia (Global Notes),https://paper.people.com.cn/rmrb/pc/content/202606/09/content_30161902.html
Belarus,2026-06-09,韩正访问白俄罗斯,Han Zheng Visits Belarus,https://paper.people.com.cn/rmrb/pc/content/202606/09/content_30162028.html
Tanzania,2026-06-08,一台农机背后的金融“接力”（财经深一度）,"The Financial ""Relay"" Behind a Piece of Agricultural Machinery (Financial Deep Dive)",https://paper.people.com.cn/rmrb/pc/content/202606/08/content_30161668.html
Madagascar,2026-06-08,拓展蓝色伙伴关系  深入参与海洋治理（国际观澜）,"Expand blue partnerships, deepen participation in ocean governance (International Outlook)",https://paper.people.com.cn/rmrb/pc/content/202606/08/content_30161665.html
Chile,2026-06-08,共守蔚蓝，构建海洋命运共同体（向海而行）,"Guard the blue together, build a maritime community with a shared future (Towards the Ocean)",https://paper.people.com.cn/rmrb/pc/content/202606/08/content_30161664.html
Belarus,2026-06-08,中国—白俄罗斯产业与投资合作论坛在明斯克举办,China-Belarus industrial and investment cooperation forum held in Minsk,https://paper.people.com.cn/rmrb/pc/content/202606/08/content_30161660.html
Iran,2026-06-08,环球扫描,Global Scan,https://paper.people.com.cn/rmrb/pc/content/202606/08/content_30161659.html
Saudi Arabia,2026-06-08,环球扫描,Global Scan,https://paper.people.com.cn/rmrb/pc/content/202606/08/content_30161659.html
United Arab Emirates,2026-06-08,环球扫描,Global Scan,https://paper.people.com.cn/rmrb/pc/content/202606/08/content_30161659.html
Spain,2026-06-08,科学使用食用油，这些国家有看点（国际视点）,Scientific use of cooking oil: highlights from these countries (International Perspective),https://paper.people.com.cn/rmrb/pc/content/202606/08/content_30161657.html
Sweden,2026-06-08,科学使用食用油，这些国家有看点（国际视点）,Scientific use of cooking oil: highlights from these countries (International Perspective),https://paper.people.com.cn/rmrb/pc/content/202606/08/content_30161657.html
Cuba,2026-06-08,在激流弯道里破浪竞发,Break waves and compete in turbulent curves,https://paper.people.com.cn/rmrb/pc/content/202606/08/content_30161725.html
Ghana,2026-06-08,图片报道,In pictures,https://paper.people.com.cn/rmrb/pc/content/202606/08/content_30161741.html
Bulgaria,2026-06-07,中保贸易投资合作圆桌会在索非亚举行,China-Bulgaria trade and investment cooperation roundtable held in Sofia,https://paper.people.com.cn/rmrb/pc/content/202606/07/content_30161495.html
Philippines,2026-06-07,日菲勾连，祸乱亚太的危险一步（钟声）,"Japan-Philippines collusion, a dangerous step that brings disaster to Asia-Pacific (Voice of the People)",https://paper.people.com.cn/rmrb/pc/content/202606/07/content_30161494.html
Singapore,2026-06-07,新加坡国会议长将访华,Singapore's Speaker of Parliament to visit China,https://paper.people.com.cn/rmrb/pc/content/202606/07/content_30161492.html
Seychelles,2026-06-07,加强文明交流互鉴  赓续中非传统友好,"Enhance exchanges and mutual learning among civilizations, carry forward China-Africa traditional friendship",https://paper.people.com.cn/rmrb/pc/content/202606/07/content_30161489.html
Mauritius,2026-06-07,加强文明交流互鉴  赓续中非传统友好,"Enhance exchanges and mutual learning among civilizations, carry forward China-Africa traditional friendship",https://paper.people.com.cn/rmrb/pc/content/202606/07/content_30161489.html
Senegal,2026-06-07,加强文明交流互鉴  赓续中非传统友好,"Enhance exchanges and mutual learning among civilizations, carry forward China-Africa traditional friendship",https://paper.people.com.cn/rmrb/pc/content/202606/07/content_30161489.html
Poland,2026-06-07,中欧班列“东通道”今年通行量超3000列,"China–Europe Railway Express 'Eastern Corridor' Tops 3,000 Trains This Year",https://paper.people.com.cn/rmrb/pc/content/202606/07/content_30161515.html
Netherlands,2026-06-07,中欧班列“东通道”今年通行量超3000列,"China–Europe Railway Express 'Eastern Corridor' Tops 3,000 Trains This Year",https://paper.people.com.cn/rmrb/pc/content/202606/07/content_30161515.html
Switzerland,2026-06-06,启智润心  向美而行,"Inspire wisdom, nourish the heart, and pursue beauty",https://paper.people.com.cn/rmrb/pc/content/202606/06/content_30161424.html
Singapore,2026-06-06,我科学家领衔发布亚洲首个合成细胞技术路线图,Chinese Scientists Lead Release of Asia's First Synthetic-Cell Technology Roadmap,https://paper.people.com.cn/rmrb/pc/content/202606/06/content_30161415.html
South Korea,2026-06-06,我科学家领衔发布亚洲首个合成细胞技术路线图,Chinese Scientists Lead Release of Asia's First Synthetic-Cell Technology Roadmap,https://paper.people.com.cn/rmrb/pc/content/202606/06/content_30161415.html
Malaysia,2026-06-06,我科学家领衔发布亚洲首个合成细胞技术路线图,Chinese Scientists Lead Release of Asia's First Synthetic-Cell Technology Roadmap,https://paper.people.com.cn/rmrb/pc/content/202606/06/content_30161415.html
Myanmar (Burma),2026-06-06,李鸿忠会见缅甸外长丁貌瑞,Li Hongzhong meets with Myanmar Foreign Minister Tin Maung Swe,https://paper.people.com.cn/rmrb/pc/content/202606/06/content_30161379.html
Myanmar (Burma),2026-06-06,王毅同缅甸外长丁貌瑞会谈,Wang Yi holds talks with Myanmar Foreign Minister Tin Maung Swe,https://paper.people.com.cn/rmrb/pc/content/202606/06/content_30161378.html
UK,2026-06-05,伦敦古书香（域外见闻）,The Scent of Antique Books in London (Notes from Abroad),https://paper.people.com.cn/rmrb/pc/content/202606/05/content_30161122.html
Ethiopia,2026-06-05,把未来交给青年（阅见世界）,Leave the future to the youth (Reading the World),https://paper.people.com.cn/rmrb/pc/content/202606/05/content_30161121.html
Côte d’Ivoire,2026-06-05,把未来交给青年（阅见世界）,Leave the future to the youth (Reading the World),https://paper.people.com.cn/rmrb/pc/content/202606/05/content_30161121.html
Djibouti,2026-06-05,把未来交给青年（阅见世界）,Leave the future to the youth (Reading the World),https://paper.people.com.cn/rmrb/pc/content/202606/05/content_30161121.html
Kazakhstan,2026-06-05,中国香港和哈萨克斯坦深化多领域务实合作,China's Hong Kong and Kazakhstan deepen pragmatic cooperation in multiple fields,https://paper.people.com.cn/rmrb/pc/content/202606/05/content_30161079.html
Timor-Leste,2026-06-05,中国在推进全球减贫合作中发挥引领作用,China plays a leading role in advancing global poverty reduction cooperation,https://paper.people.com.cn/rmrb/pc/content/202606/05/content_30161075.html
Cambodia,2026-06-05,融通中外文明智慧  携手应对时代挑战,"Integrating Chinese and foreign civilizational wisdom, joining hands to tackle challenges of the era",https://paper.people.com.cn/rmrb/pc/content/202606/05/content_30161073.html
Spain,2026-06-05,融通中外文明智慧  携手应对时代挑战,"Integrating Chinese and foreign civilizational wisdom, joining hands to tackle challenges of the era",https://paper.people.com.cn/rmrb/pc/content/202606/05/content_30161073.html
Côte d’Ivoire,2026-06-04,科特迪瓦如何发展可可产业（第一现场）,How Côte d'Ivoire develops its cocoa industry (On the Scene),https://paper.people.com.cn/rmrb/pc/content/202606/04/content_30161033.html
Pakistan,2026-06-04,“非凡”何以成“日常”（微观）,How the 'Extraordinary' Becomes 'Everyday' (Micro View),https://paper.people.com.cn/rmrb/pc/content/202606/04/content_30160962.html
Zimbabwe,2026-06-04,中国菌草技术助力津巴布韦农牧业发展,China's Juncao technology boosts agricultural and livestock development in Zimbabwe,https://paper.people.com.cn/rmrb/pc/content/202606/04/content_30160946.html
Turkey,2026-06-03,千年瓷都继续对话世界（记者手记）,Millennium-old porcelain capital continues dialogue with the world (Reporter's Notebook),https://paper.people.com.cn/rmrb/pc/content/202606/03/content_30160672.html
Congo - Kinshasa,2026-06-03,中国抗疫医疗专家组抵达刚果（金）支援埃博拉防控,Chinese anti-epidemic medical expert team arrives in DRC to support Ebola prevention and control,https://paper.people.com.cn/rmrb/pc/content/202606/03/content_30160650.html
Norway,2026-06-03,环球扫描,Global Scan,https://paper.people.com.cn/rmrb/pc/content/202606/03/content_30160649.html
Ukraine,2026-06-03,第十一次中英战略对话在北京举行,11th China-UK Strategic Dialogue held in Beijing,https://paper.people.com.cn/rmrb/pc/content/202606/03/content_30160575.html
Kyrgyzstan,2026-06-02,环球时报“海外中国周”走进比什凯克,"Global Times' ""Overseas China Week"" comes to Bishkek",https://paper.people.com.cn/rmrb/pc/content/202606/02/content_30160439.html
New Zealand,2026-06-02,“把真实的历史传递给下一代”,'Passing the True History to the Next Generation',https://paper.people.com.cn/rmrb/pc/content/202606/02/content_30160357.html
Serbia,2026-06-02,坚守遗产保护  共促城市发展,"Preserve heritage, promote urban development",https://paper.people.com.cn/rmrb/pc/content/202606/02/content_30160350.html
Mongolia,2026-06-01,原研新药立贝韦塔的诞生（深度观察）,The birth of the original new drug Libeiweita (In-depth Observation),https://paper.people.com.cn/rmrb/pc/content/202606/01/content_30160130.html
Sudan,2026-06-01,苏丹人道主义危机持续加剧,Sudan's humanitarian crisis continues to worsen,https://paper.people.com.cn/rmrb/pc/content/202606/01/content_30160120.html
Cambodia,2026-06-01,日本鼓吹新版“印太战略”引担忧,Japan's advocacy of new 'Indo-Pacific Strategy' raises concerns,https://paper.people.com.cn/rmrb/pc/content/202606/01/content_30160119.html
Congo - Kinshasa,2026-06-01,环球扫描,Global Scan,https://paper.people.com.cn/rmrb/pc/content/202606/01/content_30160118.html
Uganda,2026-06-01,环球扫描,Global Scan,https://paper.people.com.cn/rmrb/pc/content/202606/01/content_30160118.html
Argentina,2026-06-01,书香漫山海  相知连中拉（环球走笔）,"Books' fragrance spreads over mountains and seas, mutual understanding links China and Latin America (Global Notes)",https://paper.people.com.cn/rmrb/pc/content/202606/01/content_30160117.html
India,2026-06-01,渴望下一场比赛的到来,Longing for the Next Match to Come,https://paper.people.com.cn/rmrb/pc/content/202606/01/content_30160165.html
Oman,2026-05-31,拉紧人文纽带  促进中阿民心相通,"Strengthen people-to-people bonds, promote mutual understanding between China and Arab states",https://paper.people.com.cn/rmrb/pc/content/202605/31/content_30160004.html
Albania,2026-05-30,王东明会见阿尔巴尼亚副议长斯巴修,Wang Dongming meets with Albanian Deputy Speaker Spahiu,https://paper.people.com.cn/rmrb/pc/content/202605/30/content_30159947.html
Mozambique,2026-05-29,从南非苹果进入中国餐桌说起（每周经济评论）,From South African apples on Chinese tables (Weekly Economic Review),https://paper.people.com.cn/rmrb/pc/content/202605/29/content_30159807.html
Benin,2026-05-29,从南非苹果进入中国餐桌说起（每周经济评论）,From South African apples on Chinese tables (Weekly Economic Review),https://paper.people.com.cn/rmrb/pc/content/202605/29/content_30159807.html
South Africa,2026-05-29,从南非苹果进入中国餐桌说起（每周经济评论）,From South African apples on Chinese tables (Weekly Economic Review),https://paper.people.com.cn/rmrb/pc/content/202605/29/content_30159807.html
Zimbabwe,2026-05-29,从南非苹果进入中国餐桌说起（每周经济评论）,From South African apples on Chinese tables (Weekly Economic Review),https://paper.people.com.cn/rmrb/pc/content/202605/29/content_30159807.html
Senegal,2026-05-29,赋能中非合作的“心”引擎,Empowering the 'Heart' Engine of China-Africa Cooperation,https://paper.people.com.cn/rmrb/pc/content/202605/29/content_30159804.html
South Africa,2026-05-29,赋能中非合作的“心”引擎,Empowering the 'Heart' Engine of China-Africa Cooperation,https://paper.people.com.cn/rmrb/pc/content/202605/29/content_30159804.html
India,2026-05-29,基因编辑，迈向精准医疗新阶段（国际科技前沿）,Gene Editing: Toward a New Stage of Precision Medicine (Frontiers of Intl. Science & Tech),https://paper.people.com.cn/rmrb/pc/content/202605/29/content_30159795.html
Namibia,2026-05-29,朱永新率全国政协代表团访问纳米比亚,Zhu Yongxin leads CPPCC National Committee delegation to visit Namibia,https://paper.people.com.cn/rmrb/pc/content/202605/29/content_30159845.html
Suriname,2026-05-29,共创中苏关系美好未来（大使随笔）,Jointly creating a bright future for China-Suriname relations (Ambassador's Journal),https://paper.people.com.cn/rmrb/pc/content/202605/29/content_30159840.html
Suriname,2026-05-29,习近平同苏里南总统西蒙斯就中苏建交50周年互致贺电,Xi and Surinamese president exchange congratulations on 50th anniversary of ties,https://paper.people.com.cn/rmrb/pc/content/202605/29/content_30159824.html
Austria,2026-05-29,习近平同奥地利总统范德贝伦就中奥建交55周年互致贺电,Xi Jinping and Austrian President Van der Bellen exchange congratulatory messages on 55th anniversary of diplomatic relations,https://paper.people.com.cn/rmrb/pc/content/202605/29/content_30159823.html
Serbia,2026-05-28,新工业革命伙伴城市网络正式启动运作,New Industrial Revolution Partnership City Network officially launched,https://paper.people.com.cn/rmrb/pc/content/202605/28/content_30159546.html
Nigeria,2026-05-28,新工业革命伙伴城市网络正式启动运作,New Industrial Revolution Partnership City Network officially launched,https://paper.people.com.cn/rmrb/pc/content/202605/28/content_30159546.html
Hungary,2026-05-28,新工业革命伙伴城市网络正式启动运作,New Industrial Revolution Partnership City Network officially launched,https://paper.people.com.cn/rmrb/pc/content/202605/28/content_30159546.html
North Macedonia,2026-05-28,滑翔伞定点世界杯北马其顿分站赛中国队获团体冠军,China wins team championship at Paragliding Accuracy World Cup in North Macedonia,https://paper.people.com.cn/rmrb/pc/content/202605/28/content_30159533.html
Turkmenistan,2026-05-28,中国农机驶向海外市场（中国品牌圈粉海外）,Chinese agricultural machinery heads to overseas markets (Chinese brands gain fans abroad),https://paper.people.com.cn/rmrb/pc/content/202605/28/content_30159615.html
Austria,2026-05-28,不断丰富中奥战略伙伴关系内涵（大使随笔）,Continuously Enriching the Connotations of China-Austria Strategic Partnership (Ambassador's Diary),https://paper.people.com.cn/rmrb/pc/content/202605/28/content_30159582.html
Timor-Leste,2026-05-28,刘国中出席2026减贫与发展高层论坛开幕式并致辞,"Liu Guozhong attends opening of 2026 High-level Forum on Poverty Reduction and Development, delivers speech",https://paper.people.com.cn/rmrb/pc/content/202605/28/content_30159572.html
Venezuela,2026-05-27,在“哏儿都”用西语说相声（老外不见外）,Performing Xiangsheng in Spanish in Tianjin (Foreigners at Home),https://paper.people.com.cn/rmrb/pc/content/202605/27/content_30159418.html
Iraq,2026-05-27,体验活态遗产魅力  传承民间手工技艺,"Experience the charm of living heritage, inherit folk handicraft skills",https://paper.people.com.cn/rmrb/pc/content/202605/27/content_30159413.html
Sudan,2026-05-27,非洲国家努力破解荒漠化困境（第一现场）,African Countries Tackle Desertification Challenges (On the Scene),https://paper.people.com.cn/rmrb/pc/content/202605/27/content_30159409.html
Mauritania,2026-05-27,非洲国家努力破解荒漠化困境（第一现场）,African Countries Tackle Desertification Challenges (On the Scene),https://paper.people.com.cn/rmrb/pc/content/202605/27/content_30159409.html
Bosnia & Herzegovina,2026-05-27,谌贻琴出席第七次中国—中东欧国家地方领导人会议开幕式并致辞,Chen Yiqin attends opening ceremony of the 7th China-CEEC Local Leaders' Meeting and delivers a speech,https://paper.people.com.cn/rmrb/pc/content/202605/27/content_30159312.html
North Macedonia,2026-05-27,谌贻琴出席第七次中国—中东欧国家地方领导人会议开幕式并致辞,Chen Yiqin attends opening ceremony of the 7th China-CEEC Local Leaders' Meeting and delivers a speech,https://paper.people.com.cn/rmrb/pc/content/202605/27/content_30159312.html
Australia,2026-05-26,没有真诚反思，“下跪”不过是又一场表演（环球走笔）,"Without Sincere Reflection, 'Kneeling' Is Just Another Performance (Global Notes)",https://paper.people.com.cn/rmrb/pc/content/202605/26/content_30159135.html
Montenegro,2026-05-26,铁凝会见黑山议会副议长努尔科维奇,Tie Ning Meets Montenegrin Deputy Parliament Speaker Nurković,https://paper.people.com.cn/rmrb/pc/content/202605/26/content_30159159.html
Israel,2026-05-25,环球扫描,Global Scan,https://paper.people.com.cn/rmrb/pc/content/202605/25/content_30158881.html
Venezuela,2026-05-25,环球扫描,Global Scan,https://paper.people.com.cn/rmrb/pc/content/202605/25/content_30158881.html
Uganda,2026-05-25,刚果（金）埃博拉疫情持续扩散,Ebola outbreak continues to spread in DRC,https://paper.people.com.cn/rmrb/pc/content/202605/25/content_30158880.html
Slovenia,2026-05-25,“让更多人了解大自然的馈赠”（第一现场）,"""Let More People Know About Nature's Gifts"" (On the Scene)",https://paper.people.com.cn/rmrb/pc/content/202605/25/content_30158878.html
Qatar,2026-05-25,足球青训初见成效,Youth Football Training Shows Early Results,https://paper.people.com.cn/rmrb/pc/content/202605/25/content_30158873.html
Saudi Arabia,2026-05-25,足球青训初见成效,Youth Football Training Shows Early Results,https://paper.people.com.cn/rmrb/pc/content/202605/25/content_30158873.html
Tajikistan,2026-05-25,从访华热看中国的“合作力”（和音）,China's 'cooperation power' seen through visit fever (Harmony),https://paper.people.com.cn/rmrb/pc/content/202605/25/content_30158917.html
Montenegro,2026-05-24,深化黑中合作  共绘繁荣新景（国际论坛）,"Deepening Montenegro-China cooperation, jointly drawing a new picture of prosperity (International Forum)",https://paper.people.com.cn/rmrb/pc/content/202605/24/content_30158711.html
Azerbaijan,2026-05-23,第十三届世界城市论坛在阿塞拜疆闭幕,13th World Urban Forum concludes in Azerbaijan,https://paper.people.com.cn/rmrb/pc/content/202605/23/content_30158612.html
Albania,2026-05-23,李鸿忠率全国人大代表团访问阿尔巴尼亚,Li Hongzhong leads NPC delegation to visit Albania,https://paper.people.com.cn/rmrb/pc/content/202605/23/content_30158608.html
Moldova,2026-05-23,王毅同摩尔多瓦副总理兼外长波普绍伊会谈,Wang Yi holds talks with Moldovan Deputy Prime Minister and Foreign Minister Popșoi,https://paper.people.com.cn/rmrb/pc/content/202605/23/content_30158603.html
New Zealand,2026-05-22,“慢”游特卡波湖（域外见闻）,"""Slow"" Tour of Lake Tekapo (Overseas Impressions)",https://paper.people.com.cn/rmrb/pc/content/202605/22/content_30158506.html
Norway,2026-05-22,“从制造落地到技术扎根，合作更密切”,"'From Manufacturing Landing to Technology Taking Root, Cooperation Becomes Closer'",https://paper.people.com.cn/rmrb/pc/content/202605/22/content_30158544.html
Croatia,2026-05-22,“为全球生物多样性治理提供示范”,'Providing a Model for Global Biodiversity Governance',https://paper.people.com.cn/rmrb/pc/content/202605/22/content_30158407.html
Slovakia,2026-05-22,李鸿忠率全国人大代表团访问斯洛伐克,Li Hongzhong leads NPC delegation to visit Slovakia,https://paper.people.com.cn/rmrb/pc/content/202605/22/content_30158406.html
Hungary,2026-05-21,向下扎根  向阳生长,"Rooting downward, growing toward the sun",https://paper.people.com.cn/rmrb/pc/content/202605/21/content_30158088.html
Poland,2026-05-21,向下扎根  向阳生长,"Rooting downward, growing toward the sun",https://paper.people.com.cn/rmrb/pc/content/202605/21/content_30158088.html
Czechia,2026-05-21,向下扎根  向阳生长,"Rooting downward, growing toward the sun",https://paper.people.com.cn/rmrb/pc/content/202605/21/content_30158088.html
Moldova,2026-05-21,摩尔多瓦副总理兼外长波普绍伊将访华,Moldova's Deputy Prime Minister and Foreign Minister Popșoi to visit China,https://paper.people.com.cn/rmrb/pc/content/202605/21/content_30158063.html
Israel,2026-05-20,加沙人道主义危机持续加剧,Humanitarian crisis in Gaza continues to intensify,https://paper.people.com.cn/rmrb/pc/content/202605/20/content_30157878.html
Palestinian Territories,2026-05-20,加沙人道主义危机持续加剧,Humanitarian crisis in Gaza continues to intensify,https://paper.people.com.cn/rmrb/pc/content/202605/20/content_30157878.html
Turkmenistan,2026-05-20,中国—中亚公安内务部长会晤机制第二次会议举行 王小洪出席并作主旨发言,Second meeting of the China-Central Asia public security and internal affairs ministers' meeting mechanism held; Wang Xiaohong attends and delivers keynote speech,https://paper.people.com.cn/rmrb/pc/content/202605/20/content_30157809.html
Tajikistan,2026-05-20,中国—中亚公安内务部长会晤机制第二次会议举行 王小洪出席并作主旨发言,Second meeting of the China-Central Asia public security and internal affairs ministers' meeting mechanism held; Wang Xiaohong attends and delivers keynote speech,https://paper.people.com.cn/rmrb/pc/content/202605/20/content_30157809.html
Azerbaijan,2026-05-20,张国清出席第十三届世界城市论坛领导人峰会并致辞,Zhang Guoqing attends 13th World Urban Forum Leaders Summit and addresses,https://paper.people.com.cn/rmrb/pc/content/202605/20/content_30157808.html
Liberia,2026-05-20,王毅同利比里亚外长尼安蒂会谈,Wang Yi holds talks with Liberian Foreign Minister Nyanti,https://paper.people.com.cn/rmrb/pc/content/202605/20/content_30157807.html
Uruguay,2026-05-19,“持久的关系建立在相互了解、尊重和信任的基础上”（“杰出外交使者奖章”获得者说）,"'Enduring Relationships Are Built on Mutual Understanding, Respect, and Trust' (Says Recipient of the Distinguished Diplomatic Envoy Medal)",https://paper.people.com.cn/rmrb/pc/content/202605/19/content_30157768.html
Gambia,2026-05-19,在稻浪里，看到共同的未来（暖闻热评）,"In waves of rice, see a shared future (Heartwarming Commentary)",https://paper.people.com.cn/rmrb/pc/content/202605/19/content_30157698.html
Eritrea,2026-05-19,在稻浪里，看到共同的未来（暖闻热评）,"In waves of rice, see a shared future (Heartwarming Commentary)",https://paper.people.com.cn/rmrb/pc/content/202605/19/content_30157698.html
Guinea,2026-05-19,在稻浪里，看到共同的未来（暖闻热评）,"In waves of rice, see a shared future (Heartwarming Commentary)",https://paper.people.com.cn/rmrb/pc/content/202605/19/content_30157698.html
Seychelles,2026-05-19,王毅同塞舌尔外交部长富尔会谈,Wang Yi holds talks with Seychelles Foreign Minister Fuer,https://paper.people.com.cn/rmrb/pc/content/202605/19/content_30157684.html
Georgia,2026-05-19,王沪宁会见格鲁吉亚议长帕普阿什维利,Wang Huning meets with Georgian Parliament Speaker Papuashvili,https://paper.people.com.cn/rmrb/pc/content/202605/19/content_30157668.html
Yemen,2026-05-18,“如果你有梦想，就来义乌”（记者手记）,"""If You Have a Dream, Come to Yiwu"" (Reporter's Notebook)",https://paper.people.com.cn/rmrb/pc/content/202605/18/content_30157490.html
Jamaica,2026-05-18,陈妤颉刷新女子200米个人最好成绩,Chen Yujie Sets New Personal Best in Women's 200m,https://paper.people.com.cn/rmrb/pc/content/202605/18/content_30157431.html
Brunei,2026-05-18,通江达海，大枢纽吸引大产业（海洋经济高质量发展一线见闻）,Connected to Rivers and Seas: Major Hub Draws Major Industries (Marine Economy Frontline Report),https://paper.people.com.cn/rmrb/pc/content/202605/18/content_30157359.html
Equatorial Guinea,2026-05-17,中非经济社会理事会第五次圆桌会议关注非洲结构性转型,Fifth roundtable of the China-Africa Economic and Social Council focuses on Africa's structural transformation,https://paper.people.com.cn/rmrb/pc/content/202605/17/content_30157258.html
Liberia,2026-05-17,利比里亚外交部长尼安蒂将访华,Liberian Foreign Minister Nyanti to visit China,https://paper.people.com.cn/rmrb/pc/content/202605/17/content_30157253.html
Morocco,2026-05-15,非洲旅游业迈向增长新阶段（国际视点）,Africa's Tourism Enters New Growth Phase (International Perspective),https://paper.people.com.cn/rmrb/pc/content/202605/15/content_30156901.html
Nauru,2026-05-14,环球扫描,Global Scan,https://paper.people.com.cn/rmrb/pc/content/202605/14/content_30156775.html
Ghana,2026-05-14,我的非洲朋友圈，刷屏“对非零关税”（环球走笔）,My African friends circle flooded with 'zero tariff for Africa' (Global Sketches),https://paper.people.com.cn/rmrb/pc/content/202605/14/content_30156774.html
Estonia,2026-05-14,中国男子冰球队不断进阶（竞技观察）,Chinese men's ice hockey team keeps advancing (Sports observation),https://paper.people.com.cn/rmrb/pc/content/202605/14/content_30156769.html
Brunei,2026-05-13,韩正同文莱王储比拉举行会谈,Han Zheng Holds Talks with Brunei's Crown Prince Billah,https://paper.people.com.cn/rmrb/pc/content/202605/13/content_30156521.html
Tonga,2026-05-13,李鸿忠会见汤加议会政府联合考察团,Li Hongzhong meets with Tonga's parliament and government joint inspection delegation,https://paper.people.com.cn/rmrb/pc/content/202605/13/content_30156513.html
Ukraine,2026-05-12,中国女队首次夺得冠军,Chinese women's team wins championship for the first time,https://paper.people.com.cn/rmrb/pc/content/202605/12/content_30156334.html
Slovenia,2026-05-11,“十五五”，中国式现代化将继续行稳致远（海外名家话中国）,"'15th Five-Year Plan', Chinese-style Modernization Will Continue to Progress Steadily (Foreign Experts Talk About China)",https://paper.people.com.cn/rmrb/pc/content/202605/11/content_30155980.html
Peru,2026-05-11,上海博物馆将推出美洲古代文明大展,Shanghai Museum to Launch Major Exhibition on Ancient American Civilizations,https://paper.people.com.cn/rmrb/pc/content/202605/11/content_30155961.html
Chile,2026-05-11,“全球深渊探索计划”太平洋穿越科考航次完成,'Global Deep-Sea Exploration Program' Pacific Transect Expedition Completed,https://paper.people.com.cn/rmrb/pc/content/202605/11/content_30156023.html
Denmark,2026-05-11,“全球深渊探索计划”太平洋穿越科考航次完成,'Global Deep-Sea Exploration Program' Pacific Transect Expedition Completed,https://paper.people.com.cn/rmrb/pc/content/202605/11/content_30156023.html
Cameroon,2026-05-11,中国援喀麦隆医疗队开展义诊活动,Chinese medical aid team in Cameroon conducts free clinic,https://paper.people.com.cn/rmrb/pc/content/202605/11/content_30156020.html
Djibouti,2026-05-11,习近平主席特使、全国人大常委会副委员长洛桑江村出席吉布提总统就职典礼,"President Xi Jinping's special envoy, Vice Chairman of the NPC Standing Committee Losang Jamcan, attends Djibouti's presidential inauguration",https://paper.people.com.cn/rmrb/pc/content/202605/11/content_30156018.html
Madagascar,2026-05-10,“中企帮我们培养更多纺织人才”（共创繁荣发展新时代）,'Chinese Companies Help Us Cultivate More Textile Talents' (Creating Prosperity and Development in the New Era),https://paper.people.com.cn/rmrb/pc/content/202605/10/content_30155821.html
Costa Rica,2026-05-10,习近平主席特使、国家国际发展合作署署长陈晓东出席哥斯达黎加总统权力交接仪式,"President Xi Jinping's special envoy, Chairman of the China International Development Cooperation Agency Chen Xiaodong, attends Costa Rica's presidential power transfer ceremony",https://paper.people.com.cn/rmrb/pc/content/202605/10/content_30155817.html
Tonga,2026-05-09,“人民至上——政党的使命和担当”中外政党专题对话举行,'People First—The Mission and Responsibility of Political Parties' Thematic Dialogue with Chinese and Foreign Political Parties Held,https://paper.people.com.cn/rmrb/pc/content/202605/09/content_30155691.html
Jordan,2026-05-09,共探城市高质量发展之路,Jointly exploring paths for high-quality urban development,https://paper.people.com.cn/rmrb/pc/content/202605/09/content_30155683.html
Tunisia,2026-05-09,共探城市高质量发展之路,Jointly exploring paths for high-quality urban development,https://paper.people.com.cn/rmrb/pc/content/202605/09/content_30155683.html
Oman,2026-05-09,共探城市高质量发展之路,Jointly exploring paths for high-quality urban development,https://paper.people.com.cn/rmrb/pc/content/202605/09/content_30155683.html
Portugal,2026-05-08,南欧国家何以实现经济“逆袭”（国际视点）,How southern European countries achieve economic 'counterattack' (International Perspective),https://paper.people.com.cn/rmrb/pc/content/202605/08/content_30155547.html
Mozambique,2026-05-08,“向东看”见证中国感召力（人民时评）,'Looking East' Witnesses China's Appeal (People's Commentary),https://paper.people.com.cn/rmrb/pc/content/202605/08/content_30155603.html
Guyana,2026-05-07,拉美地区努力打造全球油气新增长极（国际视点）,Latin America strives to become new growth pole for global oil and gas (International Perspective),https://paper.people.com.cn/rmrb/pc/content/202605/07/content_30155273.html
Costa Rica,2026-05-07,习近平主席特使陈晓东将出席哥斯达黎加总统权力交接仪式,President Xi Jinping's special envoy Chen Xiaodong to attend Costa Rica's presidential power transfer ceremony,https://paper.people.com.cn/rmrb/pc/content/202605/07/content_30155314.html
Palestinian Territories,2026-05-06,图片报道,In pictures,https://paper.people.com.cn/rmrb/pc/content/202605/06/content_30154981.html
Papua New Guinea,2026-05-06,巴布亚新几内亚经济展现韧性,Papua New Guinea's economy shows resilience,https://paper.people.com.cn/rmrb/pc/content/202605/06/content_30154979.html
Lebanon,2026-05-06,中国向黎巴嫩交付人道主义援助物资,China delivers humanitarian aid supplies to Lebanon,https://paper.people.com.cn/rmrb/pc/content/202605/06/content_30155029.html
Sierra Leone,2026-05-05,“为全球公共卫生应急管理贡献更多中国力量”（新时代中非合作）,'Contributing More Chinese Strength to Global Public Health Emergency Management' (China-Africa Cooperation in the New Era),https://paper.people.com.cn/rmrb/pc/content/202605/05/content_30154860.html
Eswatini,2026-05-03,国台办：玩弄伎俩、贻笑天下,Taiwan Affairs Office: Playing tricks will make you a laughingstock,https://paper.people.com.cn/rmrb/pc/content/202605/03/content_30154694.html
Eswatini,2026-05-03,外交部发言人就赖清德搭乘斯威士兰国王“私人飞机”窜斯答记者问,Foreign Ministry Spokesperson's remarks on Lai Ching-te's absconding to Eswatini on king's 'private jet',https://paper.people.com.cn/rmrb/pc/content/202605/03/content_30154692.html
Lebanon,2026-05-03,中国担任安理会5月轮值主席,China assumes presidency of the UN Security Council for May,https://paper.people.com.cn/rmrb/pc/content/202605/03/content_30154690.html
Syria,2026-05-03,中国担任安理会5月轮值主席,China assumes presidency of the UN Security Council for May,https://paper.people.com.cn/rmrb/pc/content/202605/03/content_30154690.html
Morocco,2026-05-02,2026摩洛哥“中国电影周”在拉巴特开幕,2026 Morocco 'Chinese Film Week' Opens in Rabat,https://paper.people.com.cn/rmrb/pc/content/202605/02/content_30154660.html
Belgium,2026-05-02,何立峰会见比利时副首相兼外交大臣普雷沃,He Lifeng meets with Belgian Deputy Prime Minister and Foreign Minister Prévot,https://paper.people.com.cn/rmrb/pc/content/202605/02/content_30154657.html
Guinea-Bissau,2026-05-02,零关税政策为非洲发展打开机遇之窗（国际论坛）,Zero-Tariff Policy Opens Window of Opportunity for Africa's Development (International Forum),https://paper.people.com.cn/rmrb/pc/content/202605/02/content_30154654.html
Belgium,2026-05-01,王毅分别同比利时副首相兼外交大臣普雷沃、老挝副总理兼外长通沙万会谈会见,Wang Yi meets with Belgian Deputy Prime Minister and Foreign Minister Prévot and Lao Deputy Prime Minister and Foreign Minister Tongshawan,https://paper.people.com.cn/rmrb/pc/content/202605/01/content_30154532.html
Nigeria,2026-04-29,图片报道,In pictures,https://paper.people.com.cn/rmrb/pc/content/202604/29/content_30153808.html
Syria,2026-04-29,逐“绿”而行，为全球能源转型注入强劲动力（和音）,"Chasing 'Green', Powering the Global Energy Transition (Harmony)",https://paper.people.com.cn/rmrb/pc/content/202604/29/content_30153805.html
Cameroon,2026-04-29,逐“绿”而行，为全球能源转型注入强劲动力（和音）,"Chasing 'Green', Powering the Global Energy Transition (Harmony)",https://paper.people.com.cn/rmrb/pc/content/202604/29/content_30153805.html
Croatia,2026-04-28,中国机器人：服务世界，服务于人（环球走笔）,"Chinese robots: Serving the world, serving people (Global notes)",https://paper.people.com.cn/rmrb/pc/content/202604/28/content_30153700.html
Mali,2026-04-27,环球扫描,Global Scan,https://paper.people.com.cn/rmrb/pc/content/202604/27/content_30153334.html
Rwanda,2026-04-27,移动支付为非洲经济添活力（国际视点）,Mobile payments invigorate African economy (International Perspective),https://paper.people.com.cn/rmrb/pc/content/202604/27/content_30153330.html
Sierra Leone,2026-04-27,中国援塞拉利昂医疗队开展“世界防治疟疾日”义诊活动,Chinese medical aid team in Sierra Leone conducts free clinic on World Malaria Day,https://paper.people.com.cn/rmrb/pc/content/202604/27/content_30153357.html
Guinea,2026-04-27,“奔向美好生活的新通道”,'A New Passage Towards a Better Life',https://paper.people.com.cn/rmrb/pc/content/202604/27/content_30153356.html
Cyprus,2026-04-26,“打开一扇通往中华文明的大门”,'Opening a Door to Chinese Civilization',https://paper.people.com.cn/rmrb/pc/content/202604/26/content_30153132.html
Cape Verde,2026-04-26,习近平同佛得角总统内韦斯就中佛建交50周年互致贺电,Xi Jinping and Cape Verdean President Neves exchange congratulatory messages on 50th anniversary of diplomatic relations,https://paper.people.com.cn/rmrb/pc/content/202604/26/content_30153117.html
Luxembourg,2026-04-25,一季度新设外商投资企业数同比增长11%,Number of Newly Established Foreign-Invested Enterprises in Q1 Increased by 11% Year-on-Year,https://paper.people.com.cn/rmrb/pc/content/202604/25/content_30153006.html
Benin,2026-04-25,习近平致电祝贺瓦达尼当选贝宁总统,Xi congratulates Wadagni on election as Benin's president,https://paper.people.com.cn/rmrb/pc/content/202604/25/content_30153000.html
Tunisia,2026-04-24,当诗句在沙漠里发芽（环球走笔）,When verses sprout in the desert (Global Sketches),https://paper.people.com.cn/rmrb/pc/content/202604/24/content_30152960.html
Guyana,2026-04-22,共建人与自然和谐共生的美好世界（央企走出去·绿色发展）,Building a beautiful world of harmonious coexistence between man and nature (Chinese SOEs Going Global: Green Development),https://paper.people.com.cn/rmrb/pc/content/202604/22/content_30152625.html
Sweden,2026-04-22,国家主席习近平任免驻外大使,President Xi Jinping appoints and removes ambassadors,https://paper.people.com.cn/rmrb/pc/content/202604/22/content_30152527.html
Afghanistan,2026-04-21,阿富汗人道主义危机不断加剧,Humanitarian Crisis in Afghanistan Continues to Worsen,https://paper.people.com.cn/rmrb/pc/content/202604/21/content_30152368.html
Yemen,2026-04-20,环球扫描,Global Scan,https://paper.people.com.cn/rmrb/pc/content/202604/20/content_30152114.html
San Marino,2026-04-19,中国人民对外友好协会会长杨万明率团访问意大利和圣马力诺,President of the Chinese People's Association for Friendship with Foreign Countries Yang Wanming leads delegation to Italy and San Marino,https://paper.people.com.cn/rmrb/pc/content/202604/19/content_30151876.html
Congo - Brazzaville,2026-04-19,习近平主席特使、全国政协副主席邵鸿出席刚果（布）总统就职典礼,"President Xi Jinping's special envoy, Vice Chairman of the CPPCC National Committee Shao Hong, attends Republic of Congo's presidential inauguration",https://paper.people.com.cn/rmrb/pc/content/202604/19/content_30151871.html
Latvia,2026-04-17,驻华使节实地探访雄安新区创新实践,Foreign Envoys Visit Xiong'an to Explore Innovative Practices,https://paper.people.com.cn/rmrb/pc/content/202604/17/content_30151552.html
Angola,2026-04-17,“小而美”项目助力安哥拉民生改善（新时代中非合作）,'Small but Beautiful' Projects Boost Angola's Livelihood Improvement (China-Africa Cooperation in the New Era),https://paper.people.com.cn/rmrb/pc/content/202604/17/content_30151548.html
Romania,2026-04-16,张帅组合获林茨站双打冠军,Zhang Shuai pair wins Linz doubles title,https://paper.people.com.cn/rmrb/pc/content/202604/16/content_30151498.html
Romania,2026-04-16,从“一朵花”到“一条链”,From a single flower to an entire chain,https://paper.people.com.cn/rmrb/pc/content/202604/16/content_30151395.html
Algeria,2026-04-15,中国和非洲阿拉伯国家学术研讨会聚焦文明互鉴,China-Africa Arab states academic seminar focuses on mutual learning among civilizations,https://paper.people.com.cn/rmrb/pc/content/202604/15/content_30151233.html
Congo - Brazzaville,2026-04-15,习近平主席特使邵鸿将出席刚果（布）总统就职典礼,President Xi Jinping's special envoy Shao Hong to attend Republic of Congo's presidential inauguration,https://paper.people.com.cn/rmrb/pc/content/202604/15/content_30151227.html
Dominica,2026-04-14,加勒比多国加快构建气候韧性体系,Caribbean countries accelerate building climate resilient systems,https://paper.people.com.cn/rmrb/pc/content/202604/14/content_30151016.html
Jamaica,2026-04-14,加勒比多国加快构建气候韧性体系,Caribbean countries accelerate building climate resilient systems,https://paper.people.com.cn/rmrb/pc/content/202604/14/content_30151016.html
Algeria,2026-04-14,小小农产品，带强富民大产业（国际视点）,Small agricultural products drive strong industries that enrich people (International Perspective),https://paper.people.com.cn/rmrb/pc/content/202604/14/content_30151013.html
Malawi,2026-04-12,中国援建马拉维机场公路升级改造项目移交,China-aided Malawi airport road upgrade project handed over,https://paper.people.com.cn/rmrb/pc/content/202604/12/content_30150524.html
Rwanda,2026-04-12,中国医疗队向卢旺达医院捐赠医疗设备,Chinese medical team donates medical equipment to Rwandan hospital,https://paper.people.com.cn/rmrb/pc/content/202604/12/content_30150523.html
Qatar,2026-04-10,中东战事侵蚀地区经济增长根基,Middle East Conflicts Erode the Foundation of Regional Economic Growth,https://paper.people.com.cn/rmrb/pc/content/202604/10/content_30150347.html
Sri Lanka,2026-04-10,中国与斯里兰卡警方合作打击跨国电诈,Chinese and Sri Lankan police cooperate to combat cross-border telecom fraud,https://paper.people.com.cn/rmrb/pc/content/202604/10/content_30150311.html
Afghanistan,2026-04-09,中阿巴三方代表在乌鲁木齐举行非正式会晤,China-Afghanistan-Pakistan trilateral representatives hold informal meeting in Urumqi,https://paper.people.com.cn/rmrb/pc/content/202604/09/content_30149993.html
Gabon,2026-04-08,全国人大常委会副委员长武维华率团访问加蓬,NPC Vice Chairman Wu Weihua leads delegation to visit Gabon,https://paper.people.com.cn/rmrb/pc/content/202604/08/content_30149783.html
Denmark,2026-04-08,“投资中国就是投资长期确定性”,'Investing in China Is Investing in Long-Term Certainty',https://paper.people.com.cn/rmrb/pc/content/202604/08/content_30149779.html
Papua New Guinea,2026-04-07,我驻外使馆和华侨华人等举行清明祭扫活动,Chinese embassies and overseas Chinese hold Qingming memorial events,https://paper.people.com.cn/rmrb/pc/content/202604/07/content_30149443.html
Panama,2026-04-07,我驻外使馆和华侨华人等举行清明祭扫活动,Chinese embassies and overseas Chinese hold Qingming memorial events,https://paper.people.com.cn/rmrb/pc/content/202604/07/content_30149443.html
Mali,2026-04-07,跨越山海，中医药造福非洲民众（新时代中非合作）,Across Mountains and Seas: TCM Benefits Africans (China-Africa Cooperation in the New Era),https://paper.people.com.cn/rmrb/pc/content/202604/07/content_30149440.html
South Sudan,2026-04-06,我驻外使馆、维和部队和华侨华人等举行清明祭扫活动,"Chinese embassies, peacekeeping troops, and overseas Chinese hold Qingming memorial events",https://paper.people.com.cn/rmrb/pc/content/202604/06/content_30149346.html
South Sudan,2026-04-05,蓝盔映丹心  忠魂护和平,"Blue helmets, loyal hearts – safeguarding peace with devotion",https://paper.people.com.cn/rmrb/pc/content/202604/05/content_30149302.html
Angola,2026-04-05,“这水喝起来有点甜”（共创繁荣发展新时代）,"""This Water Tastes a Little Sweet"" (Creating Prosperity and Development in the New Era)",https://paper.people.com.cn/rmrb/pc/content/202604/05/content_30149299.html
Colombia,2026-04-05,“看到城市越来越好，这种感觉很不一样”,"""Seeing the City Getting Better and Better, This Feeling Is Very Different""",https://paper.people.com.cn/rmrb/pc/content/202604/05/content_30149295.html
Ecuador,2026-04-04,亚拉陆海新通道高效运营（共建“一带一路”·第一现场）,Asia-Latin America Land-Sea Corridor operates efficiently (Belt and Road: On the Ground),https://paper.people.com.cn/rmrb/pc/content/202604/04/content_30149195.html
Bahrain,2026-04-03,王毅同海合会轮值主席、巴林外交大臣扎耶尼通电话,Wang Yi speaks by phone with GCC rotating presidency and Bahraini Foreign Minister Zayani,https://paper.people.com.cn/rmrb/pc/content/202604/03/content_30148991.html
Maldives,2026-04-02,中企承建马尔代夫保障房项目开工,Chinese-Built Affordable Housing Project in Maldives Breaks Ground,https://paper.people.com.cn/rmrb/pc/content/202604/02/content_30148801.html
China,2026-03-31,习近平致电祝贺萨苏当选连任刚果（布）总统,Xi congratulates Sassou on re-election as Congo president,https://paper.people.com.cn/rmrb/pc/content/202603/31/content_30148271.html
Gabon,2026-03-26,王东明会见加蓬国民议会议长奥南加,Wang Dongming meets with Gabon National Assembly Speaker Onanga,https://paper.people.com.cn/rmrb/pc/content/202603/26/content_30147441.html
Malawi,2026-03-25,把合作论文写在非洲大地上（编辑手记）,Writing cooperation papers on African soil (Editor's Note),https://paper.people.com.cn/rmrb/pc/content/202603/25/content_30147075.html
Mauritius,2026-03-25,“甜岛”的甜蜜事业（第一现场）,"""Sweet Island's"" Sweet Business (On the Scene)",https://paper.people.com.cn/rmrb/pc/content/202603/25/content_30147067.html
Kuwait,2026-03-24,在中国寻茶，在科威特品茶（老外不见外）,"Seeking tea in China, tasting tea in Kuwait (Foreigners at Home)",https://paper.people.com.cn/rmrb/pc/content/202603/24/content_30146916.html
Greenland,2026-03-23,走进格陵兰岛，倾听当地人心声（第一现场）,Into Greenland: Hearing Local Voices (On the Scene),https://paper.people.com.cn/rmrb/pc/content/202603/23/content_30146578.html
Panama,2026-03-23,科技助通关  展会搭桥梁,"Tech-assisted customs clearance, exhibitions build bridges",https://paper.people.com.cn/rmrb/pc/content/202603/23/content_30146665.html
Kuwait,2026-03-22,深化中科友好与合作已成为两国战略选择（大使随笔）,Deepening China-Kuwait friendship and cooperation has become a strategic choice for both countries (Ambassador's Column),https://paper.people.com.cn/rmrb/pc/content/202603/22/content_30146428.html
Fiji,2026-03-20,忘记年龄，事业总年轻（中国道路中国梦·每一个人都是主角）,"Forget age, career stays young (China's Path, Chinese Dream · Everyone is a Protagonist)",https://paper.people.com.cn/rmrb/pc/content/202603/20/content_30146267.html
Gambia,2026-03-18,情谊越山海  携手向未来（大使随笔）,"Friendship crosses mountains and seas, join hands toward the future (Ambassador's Essay)",https://paper.people.com.cn/rmrb/pc/content/202603/18/content_30145810.html
Burundi,2026-03-18,国家主席习近平任免驻外大使,President Xi Jinping appoints and removes ambassadors,https://paper.people.com.cn/rmrb/pc/content/202603/18/content_30145793.html
Libya,2026-03-18,国家主席习近平任免驻外大使,President Xi Jinping appoints and removes ambassadors,https://paper.people.com.cn/rmrb/pc/content/202603/18/content_30145793.html
Nicaragua,2026-03-14,第九届进博会暨虹桥论坛咨商座谈会在瑞士举办,9th CIIE and Hongqiao Forum consultation symposium held in Switzerland,https://paper.people.com.cn/rmrb/pc/content/202603/14/content_30145225.html
Botswana,2026-03-13,非洲加快推动数字化转型,Africa Accelerates Digital Transformation,https://paper.people.com.cn/rmrb/pc/content/202603/13/content_30145132.html
Latvia,2026-03-13,与冰壶“对话”，梦想终成真,"""Dialogue"" with Curling, Dreams Finally Come True",https://paper.people.com.cn/rmrb/pc/content/202603/13/content_30145129.html
Maldives,2026-03-13,中联部举办“周边青年看中共”交流会,CPC International Department holds exchange on 'Youth from neighboring countries view the CPC',https://paper.people.com.cn/rmrb/pc/content/202603/13/content_30145085.html
Finland,2026-02-15,风云激荡展担当,Demonstrating Responsibility in Turbulent Times,https://paper.people.com.cn/rmrb/pc/content/202602/15/content_30141019.html
Ireland,2026-02-15,风云激荡展担当,Demonstrating Responsibility in Turbulent Times,https://paper.people.com.cn/rmrb/pc/content/202602/15/content_30141019.html
Greenland,2026-02-12,环球扫描,Global Scan,https://paper.people.com.cn/rmrb/pc/content/202602/12/content_30140528.html
Ireland,2026-02-10,欧洲国家加强建设北海风电跨境网络,European countries boost North Sea offshore wind grid,https://paper.people.com.cn/rmrb/pc/content/202602/10/content_30139875.html
Guinea-Bissau,2026-02-05,中国之行，与可持续发展未来的深刻对话（外媒记者看中国）,Trip to China: A profound dialogue on a sustainable future (Foreign media journalists view China),https://paper.people.com.cn/rmrb/pc/content/202602/05/content_30138606.html
Somalia,2026-02-02,中企承建埃塞俄比亚风电项目投产,Chinese-Built Wind Power Project in Ethiopia Goes into Operation,https://paper.people.com.cn/rmrb/pc/content/202602/02/content_30137438.html
Eritrea,2026-02-02,“中国以实际行动维护世界和平”,'China Safeguards World Peace with Concrete Actions',https://paper.people.com.cn/rmrb/pc/content/202602/02/content_30137437.html
São Tomé & Príncipe,2026-01-30,小装置带来大变化（记者手记）,Small device brings big changes (Reporter's Note),https://paper.people.com.cn/rmrb/pc/content/202601/30/content_30136937.html
São Tomé & Príncipe,2026-01-30,太阳能点亮海岛村落（第一现场）,Solar energy lights up island village (On the Spot),https://paper.people.com.cn/rmrb/pc/content/202601/30/content_30136936.html
Ecuador,2026-01-30,“助力厄瓜多尔经济社会可持续发展”,'Boosting Ecuador's Economic and Social Sustainable Development',https://paper.people.com.cn/rmrb/pc/content/202601/30/content_30136855.html
Finland,2026-01-28,李强同芬兰总理奥尔波会谈,Li Qiang holds talks with Finnish Prime Minister Orpo,https://paper.people.com.cn/rmrb/pc/content/202601/28/content_30136177.html
Trinidad & Tobago,2026-01-25,人生轨迹因共建“一带一路”而改变,Life trajectories changed by Belt and Road,https://paper.people.com.cn/rmrb/pc/content/202601/25/content_30135478.html
Central African Republic,2026-01-21,习近平致电祝贺图瓦德拉当选连任中非共和国总统,Xi congratulates Touadera on re-election as CAR president,https://paper.people.com.cn/rmrb/pc/content/202601/21/content_30134360.html
Burkina Faso,2026-01-17,中国助力布基纳法索实现粮食自给自足,China helps Burkina Faso achieve food self-sufficiency,https://paper.people.com.cn/rmrb/pc/content/202601/17/content_30133275.html
Trinidad & Tobago,2026-01-16,“中国的发展始终坚持以人为本”,'China's Development Always Puts People First',https://paper.people.com.cn/rmrb/pc/content/202601/16/content_30133161.html
Nicaragua,2026-01-14,“中国行动对促进世界和平发展具有重要意义”,'China's Actions Are of Great Significance to Promoting World Peace and Development',https://paper.people.com.cn/rmrb/pc/content/202601/14/content_30132185.html
Somalia,2026-01-13,中华人民共和国与索马里联邦共和国外长共同新闻公报,Joint press communiqué of Chinese and Somali foreign ministers,https://paper.people.com.cn/rmrb/pc/content/202601/13/content_30131897.html
Antigua & Barbuda,2026-01-13,国家主席习近平任免驻外大使,President Xi Jinping appoints and removes ambassadors,https://paper.people.com.cn/rmrb/pc/content/202601/13/content_30131880.html
Lesotho,2026-01-12,中华人民共和国政府和莱索托王国政府联合新闻公报,Joint press communiqué between the Government of the People's Republic of China and the Government of the Kingdom of Lesotho,https://paper.people.com.cn/rmrb/pc/content/202601/12/content_30131236.html
Lesotho,2026-01-12,莱索托首相马特凯恩会见王毅,Lesotho Prime Minister Matekane meets with Wang Yi,https://paper.people.com.cn/rmrb/pc/content/202601/12/content_30131235.html
Faroe Islands,2026-01-09,走进法罗群岛,Into the Faroe Islands,https://paper.people.com.cn/rmrb/pc/content/202601/09/content_30130862.html
Honduras,2026-01-08,农业学校将从“能种地”变为“能加工、能创新”,Agricultural schools to transform from 'able to farm' to 'able to process and innovate',https://paper.people.com.cn/rmrb/pc/content/202601/08/content_30130446.html
Botswana,2026-01-03,中国助力非洲数字化转型（新时代中非合作）,China boosts Africa's digital transformation (China-Africa cooperation in the new era),https://paper.people.com.cn/rmrb/pc/content/202601/03/content_30128998.html
Fiji,2025-12-31,“全球好感度”提升，中国发展的必然回响（人民论坛）,"'Global Favorability' on the Rise, an Inevitable Echo of China's Development (People's Forum)",https://paper.people.com.cn/rmrb/pc/content/202512/31/content_30128247.html
Barbados,2025-12-29,中国海军“丝路方舟”号医院船结束访问巴巴多斯,Chinese navy hospital ship 'Silk Road Ark' concludes visit to Barbados,https://paper.people.com.cn/rmrb/pc/content/202512/29/content_30127616.html
Barbados,2025-12-22,中国海军“丝路方舟”号医院船抵达巴巴多斯开展医疗服务,Chinese navy hospital ship 'Silk Road Ark' arrives in Barbados to provide medical services,https://paper.people.com.cn/rmrb/pc/content/202512/22/content_30126165.html
Marshall Islands,2025-12-15,外国巨轮为何因中国法治更名（人民时评）,Why foreign giant ships were renamed due to China's rule of law (People's Review),https://paper.people.com.cn/rmrb/pc/content/202512/15/content_30120394.html
Luxembourg,2025-12-13,刘海星分别会见卢森堡、葡萄牙客人,Liu Haixing meets with guests from Luxembourg and Portugal separately,https://paper.people.com.cn/rmrb/pc/content/202512/13/content_30120253.html
Dominica,2025-12-11,《中国对拉丁美洲和加勒比政策文件》发布,"Release of ""China's Policy Paper on Latin America and the Caribbean""",https://paper.people.com.cn/rmrb/pc/content/202512/11/content_30119689.html
Cyprus,2025-12-08,全球文明倡议彰显历史底蕴和智慧（国际论坛）,Global Civilization Initiative demonstrates historical depth and wisdom (International Forum),https://paper.people.com.cn/rmrb/pc/content/202512/08/content_30118956.html
Malta,2025-12-06,信长星率中共代表团赴英国、马耳他宣介中共二十届四中全会精神,"Xin Changxing leads CPC delegation to UK, Malta to introduce spirit of 20th CPC Central Committee's 4th plenary session",https://paper.people.com.cn/rmrb/pc/content/202512/06/content_30118728.html
Chad,2025-12-04,西非和萨赫勒地区国家加强应对安全挑战（国际视点）,West African and Sahel countries strengthen response to security challenges (International Perspective),https://paper.people.com.cn/rmrb/pc/content/202512/04/content_30118242.html
Niger,2025-12-04,西非和萨赫勒地区国家加强应对安全挑战（国际视点）,West African and Sahel countries strengthen response to security challenges (International Perspective),https://paper.people.com.cn/rmrb/pc/content/202512/04/content_30118242.html
Niger,2025-12-03,零关税，让更多非洲产品丰富中国市场（经济聚焦）,Zero Tariffs Bring More African Products to Chinese Market (Economic Focus),https://paper.people.com.cn/rmrb/pc/content/202512/03/content_30118084.html
Chad,2025-12-02,苏丹人道主义危机加剧,Sudan's humanitarian crisis intensifies,https://paper.people.com.cn/rmrb/pc/content/202512/02/content_30117902.html
